札幌市,青森市,盛岡市,秋田市,仙台市,山形市,福島市,水戸市,宇都宮市,前橋市,川越市,千代田区,横浜市,千葉市,甲府市,長野市,新潟市,富山市,金沢市,福井市,静岡市,名古屋市,岐阜市,津市,大津市,京都市,大阪市,神戸市,奈良市,和歌山市,鳥取市,松江市,岡山市,広島市,下関市,高松市,松山市,徳島市,高知市,北九州市,佐賀市,長崎市,熊本市,大分市,宮崎市,鹿児島市,那覇市
函館市,弘前市,宮古市,能代市,石巻市,米沢市,会津若松市,日立市,足利市,高崎市,熊谷市,中央区,川崎市,銚子市,富士吉田市,松本市,長岡市,高岡市,七尾市,敦賀市,浜松市,豊橋市,大垣市,四日市市,彦根市,福知山市,堺市,姫路市,大和高田市,海南市,米子市,浜田市,倉敷市,呉市,宇部市,丸亀市,今治市,鳴門市,室戸市,福岡市,唐津市,佐世保市,八代市,別府市,都城市,川内市,石川市
小樽市,八戸市,大船渡市,横手市,塩竃市,鶴岡市,郡山市,土浦市,栃木市,桐生市,川口市,港区,横須賀市,市川市,塩山市,上田市,三条市,新湊市,小松市,武生市,沼津市,岡崎市,高山市,伊勢市,長浜市,舞鶴市,岸和田市,尼崎市,大和郡山市,橋本市,倉吉市,出雲市,津山市,竹原市,山口市,坂出市,宇和島市,小松島市,安芸市,大牟田市,鳥栖市,島原市,人吉市,中津市,延岡市,鹿屋市,具志川市
旭川市,黒石市,水沢市,大館市,古川市,酒田市,いわき市,古河市,佐野市,伊勢崎市,浦和市,新宿区,平塚市,船橋市,都留市,岡谷市,柏崎市,魚津市,輪島市,小浜市,清水市,一宮市,多治見市,松阪市,近江八幡市,綾部市,豊中市,明石市,天理市,有田市,境港市,益田市,玉野市,三原市,萩市,善通寺市,八幡浜市,阿南市,南国市,久留米市,多久市,諫早市,荒尾市,日田市,日南市,枕崎市,宜野湾市
室蘭市,五所川原市,花巻市,本荘市,気仙沼市,新庄市,白河市,石岡市,鹿沼市,太田市,大宮市,文京区,鎌倉市,館山市,山梨市,飯田市,新発田市,氷見市,珠洲市,大野市,熱海市,瀬戸市,関市,桑名市,八日市市,宇治市,池田市,西宮市,橿原市,御坊市,,大田市,笠岡市,尾道市,徳山市,観音寺市,新居浜市,,土佐市,直方市,伊万里市,大村市,水俣市,佐伯市,小林市,串木野市,浦添市
釧路市,十和田市,北上市,男鹿市,白石市,寒河江市,原町市,下館市,日光市,沼田市,行田市,台東区,藤沢市,木更津市,大月市,諏訪市,新津市,滑川市,加賀市,勝山市,三島市,半田市,中津川市,上野市,草津市,宮津市,吹田市,洲本市,櫻井市,田辺市,,安来市,井原市,因島市,防府市,,西条市,,須崎市,飯塚市,武雄市,福江市,玉名市,臼杵市,日向市,阿久根市,名護市
帯広市,三沢市,久慈市,湯沢市,名取市,上山市,須賀川市,結城市,今市市,館林市,秩父市,墨田区,小田原市,松戸市,韮崎市,須坂市,小千谷市,黒部市,羽咋市,鯖江市,富士宮市,春日井市,美濃市,鈴鹿市,守山市,亀岡市,泉大津市,芦屋市,五条市,新宮市,,江津市,総社市,福山市,下松市,,大洲市,,中村市,田川市,鹿島市,平戸市,本渡市,津久見市,串間市,名瀬市,糸満市
北見市,むつ市,遠野市,大曲市,角田市,村山市,喜多方市,龍ケ崎市,小山市,渋川市,所沢市,江東区,茅ケ崎市,野田市,,小諸市,加茂市,礪波市,松任市,,伊東市,豊川市,瑞浪市,名張市,,城陽市,高槻市,伊丹市,御所市,,,平田市,高梁市,府中市,岩国市,,川之江市,,宿毛市,柳川市,,松浦市,山鹿市,竹田市,西都市,出水市,沖縄市
夕張市,,一関市,鹿角市,多賀城市,長井市,相馬市,下妻市,真岡市,藤岡市,飯能市,品川区,逗子市,佐原市,,伊那市,十日町市,小矢部市,,,島田市,津島市,羽島市,尾鷲市,,向日市,貝塚市,相生市,生駒市,,,,新見市,三次市,小野田市,,伊予三島市,,土佐清水市,山田市,,,牛深市,豊後高田市,えびの市,大口市,南風原町
岩見沢市,,陸前高田市,,岩沼市,天童市,二本松市,水海道市,大田原市,富岡市,加須市,目黒区,相模原市,茂原市,,駒ケ根市,見附市,,,,富士市,碧南市,恵那市,亀山市,,長岡京市,守口市,豊岡市,香芝市,,,,備前市,庄原市,光市,,伊予市,,,甘木市,,,菊池市,杵築市,,指宿市,
網走市,,釜石市,,,東根市,,常陸太田市,矢板市,安中市,本庄市,大田区,三浦市,成田市,,中野市,村上市,,,,磐田市,刈谷市,美濃加茂市,鳥羽市,,八幡市,枚方市,加古川市,,,,,,大竹市,長門市,,北条市,,,八女市,,,宇土市,宇佐市,,加世田市,
留萌市,,江刺市,,,尾花沢市,,高萩市,黒磯市,,東松山市,世田谷区,秦野市,佐倉市,,大町市,燕市,,,,焼津市,豊田市,土岐市,熊野市,,京田辺市,茨木市,龍野市,,,,,,東広島市,柳井市,,東予市,,,筑後市,,,,,,国分市,
苫小牧市,,二戸市,,,南陽市,,北茨城市,,,岩槻市,渋谷区,厚木市,東金市,,飯山市,栃尾市,,,,掛川市,安城市,各務原市,久居市,,大山崎町,八尾市,赤穂市,,,,,,廿日市市,美祢市,,,,,大川市,,,,,,西之表市,
稚内市,,,,,,,笠間市,,,春日部市,中野区,大和市,八日市場市,,茅野市,糸魚川市,,,,藤枝市,西尾市,可児市,御薗村,,久御山町,泉佐野市,西脇市,,,,,,府中町,新南陽市,,,,,行橋市,,,,,,垂水市,
美唄市,,,,,,,取手市,,,狭山市,杉並区,伊勢原市,旭市,,塩尻市,新井市,,,,御殿場市,蒲郡市,岐南町,,,,富田林市,宝塚市,,,,,,海田町,和木町,,,,,豊前市,,,,,,,
芦別市,,,,,,,岩井市,,,羽生市,豊島区,海老名市,習志野市,,更埴市,五泉市,,,,袋井市,犬山市,,,,,寝屋川市,三木市,,,,,,坂町,,,,,,中間市,,,,,,,
江別市,,,,,,,牛久市,,,鴻巣市,北区,座間市,柏市,,佐久市,両津市,,,,天竜市,常滑市,,,,,河内長野市,高砂市,,,,,,,,,,,,小郡市,,,,,,,
赤平市,,,,,,,つくば市,,,深谷市,荒川区,南足柄市,勝浦市,,軽井沢町,白根市,,,,浜北市,江南市,,,,,松原市,川西市,,,,,,,,,,,,筑紫野市,,,,,,,
紋別市,,,,,,,ひたちなか市,,,上尾市,板橋区,綾瀬市,市原市,,下諏訪町,豊栄市,,,,下田市,尾西市,,,,,大東市,小野市,,,,,,,,,,,,春日市,,,,,,,
士別市,,,,,,,鹿嶋市,,,与野市,練馬区,葉山町,流山市,,,上越市,,,,裾野市,小牧市,,,,,和泉市,三田市,,,,,,,,,,,,大野城市,,,,,,,
名寄市,,,,,,,,,,草加市,足立区,寒川町,八千代市,,,,,,,湖西市,稲沢市,,,,,箕面市,加西市,,,,,,,,,,,,宗像市,,,,,,,
三笠市,,,,,,,,,,越谷市,葛飾区,大磯町,我孫子市,,,,,,,伊豆長岡町,新城市,,,,,柏原市,篠山市,,,,,,,,,,,,太宰府市,,,,,,,
根室市,,,,,,,,,,蕨市,江戸川区,箱根町,鴨川市,,,,,,,修善寺町,東海市,,,,,羽曳野市,播磨町,,,,,,,,,,,,前原市,,,,,,,
千歳市,,,,,,,,,,戸田市,八王子市,湯河原町,鎌ケ谷市,,,,,,,清水町,大府市,,,,,門真市,,,,,,,,,,,,,古賀市,,,,,,,
滝川市,,,,,,,,,,入間市,立川市,入間市,君津市,,,,,,,,知多市,,,,,摂津市,,,,,,,,,,,,,宇美町,,,,,,,
砂川市,,,,,,,,,,鳩ケ谷市,武蔵野市,鳩ケ谷市,富津市,,,,,,,,知立市,,,,,高石市,,,,,,,,,,,,,志免町,,,,,,,
歌志内市,,,,,,,,,,朝霞市,三鷹市,朝霞市,浦安市,,,,,,,,尾張旭市,,,,,藤井寺市,,,,,,,,,,,,,須恵町,,,,,,,
深川市,,,,,,,,,,志木市,青梅市,志木市,四街道市,,,,,,,,高浜市,,,,,東大阪市,,,,,,,,,,,,,新宮町,,,,,,,
富良野市,,,,,,,,,,和光市,府中市,和光市,袖ヶ浦市,,,,,,,,岩倉市,,,,,泉南市,,,,,,,,,,,,,粕屋町,,,,,,,
登別市,,,,,,,,,,新座市,昭島市,新座市,八街市,,,,,,,,豊明市,,,,,四條畷市,,,,,,,,,,,,,芦屋町,,,,,,,
恵庭市,,,,,,,,,,桶川市,調布市,桶川市,印西市,,,,,,,,日進市,,,,,交野市,,,,,,,,,,,,,水巻町,,,,,,,
伊達市,,,,,,,,,,久喜市,町田市,久喜市,沼南町,,,,,,,,東郷町,,,,,大阪狭山市,,,,,,,,,,,,,吉富町,,,,,,,
北広島市,,,,,,,,,,北本市,小金井市,北本市,白井町,,,,,,,,西枇杷島町,,,,,阪南市,,,,,,,,,,,,,,,,,,,,
石狩市,,,,,,,,,,八潮市,小平市,八潮市,,,,,,,,,豊山町,,,,,島本町,,,,,,,,,,,,,,,,,,,,
,,,,,,,,,,,,,,,,,,,,,師勝町,,,,,忠岡町,,,,,,,,,,,,,,,,,,,,
,,,,,,,,,,,,,,,,,,,,,西春町,,,,,田尻町,,,,,,,,,,,,,,,,,,,,
,,,,,,,,,,,,,,,,,,,,,春日町,,,,,美原町,,,,,,,,,,,,,,,,,,,,
,,,,,,,,,,,,,,,,,,,,,清洲町,,,,,,,,,,,,,,,,,,,,,,,,,
,,,,,,,,,,,,,,,,,,,,,新川町,,,,,,,,,,,,,,,,,,,,,,,,,
,,,,,,,,,,,,,,,,,,,,,七宝町,,,,,,,,,,,,,,,,,,,,,,,,,
,,,,,,,,,,,,,,,,,,,,,美和町,,,,,,,,,,,,,,,,,,,,,,,,,
,,,,,,,,,,,,,,,,,,,,,甚目寺町,,,,,,,,,,,,,,,,,,,,,,,,,
,,,,,,,,,,,,,,,,,,,,,大治町,,,,,,,,,,,,,,,,,,,,,,,,,
,,,,,,,,,,,,,,,,,,,,,蟹江町,,,,,,,,,,,,,,,,,,,,,,,,,
,,,,,,,,,,,,,,,,,,,,,三好町,,,,,,,,,,,,,,,,,,,,,,,,,